<?xml version="1.0" encoding="UTF-8"?>
<project-private xmlns="http://www.netbeans.org/ns/project-private/1">
    <editor-bookmarks xmlns="http://www.netbeans.org/ns/editor-bookmarks/2" lastBookmarkId="0"/>
    <open-files xmlns="http://www.netbeans.org/ns/projectui-open-files/2">
        <group>
            <file>file:/C:/Users/iCont/Documents/NetBeansProjects/Factura/src/udem/edu/co/entities/impl/MailImpl.java</file>
            <file>file:/C:/Users/iCont/Documents/NetBeansProjects/Factura/src/udem/edu/co/entities/impl/OrdenCompraImpl.java</file>
            <file>file:/C:/Users/iCont/Documents/NetBeansProjects/Factura/src/udem/edu/co/entities/impl/FacturaImpl.java</file>
            <file>file:/C:/Users/iCont/Documents/NetBeansProjects/Factura/src/udem/edu/co/vista/FacturaPpal.java</file>
            <file>file:/C:/Users/iCont/Documents/NetBeansProjects/Factura/src/udem/edu/co/entities/impl/ProductoImpl.java</file>
        </group>
    </open-files>
</project-private>
